,City,Latitude,Longitude,Wind Speed,Humidity,Max Temp,Cloudiness,Date,Country
0,ribeira grande,38.5167,-28.7,2.06,83,293.37,20,1627627999,PT
1,rikitea,-23.1203,-134.9692,2.23,70,295.04,0,1627628107,PF
2,mar del plata,-38.0023,-57.5575,0.89,70,280.93,0,1627628108,AR
3,labuhan,-6.8844,112.2051,4.73,57,304.13,26,1627628109,ID
4,bluff,-46.6,168.3333,0.13,81,283.04,100,1627628110,NZ
5,raha,26.2333,92.5167,3.17,68,305.08,99,1627628112,IN
6,kapaa,22.0752,-159.319,4.86,76,300.14,96,1627628113,US
7,tshikapa,-6.4167,20.8,2.91,26,300.63,6,1627628114,CD
8,ponta do sol,32.6667,-17.1,2.95,78,294.5,23,1627628115,PT
9,constitucion,-35.3333,-72.4167,1.63,75,283.19,0,1627628116,CL
10,kibaha,-6.7667,38.9167,5.14,47,297.2,4,1627628117,TZ
11,jalu,29.0331,21.5482,4.28,26,304.74,0,1627628118,LY
12,westport,41.1415,-73.3579,1.34,94,295.83,12,1627628119,US
13,marataizes,-21.0433,-40.8244,5.32,72,286.59,22,1627628121,BR
14,albany,42.6001,-73.9662,4.03,94,292.09,12,1627628122,US
15,dikson,73.5069,80.5464,6.96,97,276.98,100,1627628123,RU
16,atuona,-9.8,-139.0333,6.96,81,298.13,100,1627628124,PF
17,jamestown,42.097,-79.2353,1.87,94,292.8,75,1627628125,US
18,karratha,-20.7377,116.8463,8.72,54,298.32,0,1627628126,AU
19,ushuaia,-54.8,-68.3,4.63,75,275.96,20,1627628127,AR
20,carnarvon,-24.8667,113.6333,6.69,62,294.19,75,1627628129,AU
21,mitu,1.1983,-70.1733,0.89,99,294.15,100,1627628130,CO
22,havoysund,70.9963,24.6622,6.61,82,281.64,100,1627628131,NO
23,sol-iletsk,51.1631,54.9918,8.49,26,303.97,27,1627628132,RU
24,sao joao da barra,-21.6403,-41.0511,6.58,69,286.8,1,1627628133,BR
25,cape town,-33.9258,18.4232,1.54,95,285.44,0,1627628134,ZA
26,beloha,-25.1667,45.05,2.11,52,297.08,0,1627628135,MG
27,kamenka,51.3223,42.7678,4.62,51,301.25,100,1627628136,RU
28,elk point,42.6833,-96.6836,2.98,48,295.73,49,1627628137,US
29,busselton,-33.65,115.3333,9.7,63,284.84,80,1627628139,AU
30,mataura,-46.1927,168.8643,1.15,92,282.86,100,1627628140,NZ
31,thompson,55.7435,-97.8558,1.03,77,290.24,40,1627628141,CA
32,castro,-24.7911,-50.0119,1.1,70,272.46,4,1627628142,BR
33,kaitangata,-46.2817,169.8464,3.32,78,285.33,99,1627628143,NZ
34,airai,-8.9266,125.4092,1.49,46,296.21,18,1627628144,TL
35,de aar,-30.6497,24.0123,0.16,30,283.7,0,1627628145,ZA
36,puerto ayora,-0.7393,-90.3518,2.65,91,294.39,8,1627628147,EC
37,port elizabeth,-33.918,25.5701,1.03,82,286.31,0,1627628148,ZA
38,kobayashi,31.9833,130.9833,1.6,41,305.58,79,1627628149,JP
39,vila franca do campo,37.7167,-25.4333,2.29,89,294.38,48,1627628150,PT
40,longyearbyen,78.2186,15.6401,2.06,70,280.06,75,1627628151,SJ
41,hilo,19.7297,-155.09,2.06,85,298.0,90,1627628152,US
42,avarua,-21.2078,-159.775,1.03,83,293.18,22,1627628153,CK
43,los llanos de aridane,28.6585,-17.9182,5.66,94,293.01,75,1627628154,ES
44,bredasdorp,-34.5322,20.0403,2.06,87,281.77,100,1627628156,ZA
45,saskylakh,71.9167,114.0833,2.16,32,305.08,11,1627628157,RU
46,provideniya,64.3833,-173.3,3.0,81,283.21,75,1627627960,RU
47,flin flon,54.7682,-101.865,0.8,60,289.46,47,1627628159,CA
48,manica,49.0,-1.1667,6.45,81,287.82,63,1627628160,FR
49,felanitx,39.4696,3.1483,0.94,65,299.79,0,1627628161,ES
50,kinkala,-4.3614,14.7644,3.33,74,293.32,18,1627628162,CG
51,hobart,-42.8794,147.3294,1.79,54,286.63,40,1627628163,AU
52,malangali,-8.5667,34.85,7.13,45,291.63,3,1627628164,TZ
53,francisco sa,-16.4758,-43.4883,3.09,73,289.62,28,1627628165,BR
54,lagoa,39.05,-27.9833,2.77,85,294.06,0,1627628167,PT
55,itacoatiara,-3.1431,-58.4442,0.86,67,294.42,59,1627628168,BR
56,sao filipe,14.8961,-24.4956,1.66,81,296.31,57,1627628169,CV
57,austin,30.2672,-97.7431,2.13,82,299.98,100,1627628124,US
58,hambantota,6.1241,81.1185,7.2,55,307.34,20,1627628171,LK
59,north bend,43.4065,-124.2243,6.17,100,288.66,90,1627628172,US
60,valentin gomez farias,28.2167,-106.5833,3.02,60,292.89,100,1627628173,MX
61,gander,48.9682,-54.5906,4.12,71,286.22,20,1627628174,CA
62,punta arenas,-53.15,-70.9167,7.2,81,276.21,75,1627628176,CL
63,hermanus,-34.4187,19.2345,2.83,78,285.32,100,1627628177,ZA
64,namibe,-15.1961,12.1522,2.25,77,293.04,0,1627628178,AO
65,hornepayne,49.2138,-84.7705,2.18,79,278.94,6,1627628179,CA
66,ciudad bolivar,8.1222,-63.5497,3.56,92,296.65,54,1627628180,VE
67,saint andrews,34.0454,-81.1293,3.35,78,300.0,100,1627628181,US
68,chuy,-33.6971,-53.4616,2.47,85,276.75,5,1627628182,UY
69,khvatovka,52.3524,46.5628,3.51,48,300.85,48,1627628183,RU
70,cabo san lucas,22.8909,-109.9124,2.96,57,302.88,4,1627628184,MX
71,isangel,-19.55,169.2667,4.12,57,298.21,5,1627628186,VU
72,halifax,44.6453,-63.5724,1.54,83,290.05,100,1627628187,CA
73,lompoc,34.6391,-120.4579,2.57,91,288.88,90,1627628188,US
74,butaritari,3.0707,172.7902,5.33,75,301.59,1,1627628189,KI
75,cidreira,-30.1811,-50.2056,4.27,79,278.4,7,1627628191,BR
76,basco,20.4487,121.9702,12.59,85,301.36,100,1627628192,PH
77,arraial do cabo,-22.9661,-42.0278,8.38,57,290.08,100,1627628193,BR
78,torbay,47.6666,-52.7314,5.66,89,287.19,1,1627628194,CA
79,ocean springs,30.4113,-88.8278,2.43,97,299.47,7,1627628195,US
80,hurghada,27.2574,33.8129,9.26,29,307.17,0,1627628009,EG
81,iqaluit,63.7506,-68.5145,1.79,87,282.0,75,1627628197,CA
82,san andres,12.5847,-81.7006,5.14,83,301.16,40,1627628199,CO
83,deputatskiy,69.3,139.9,1.7,36,289.76,91,1627628200,RU
84,san cristobal,7.7669,-72.225,2.09,96,290.56,63,1627628201,VE
85,synya,65.3718,58.0387,2.63,54,287.02,85,1627628202,RU
86,port lincoln,-34.7333,135.8667,8.55,70,290.01,0,1627628203,AU
87,bambous virieux,-20.3428,57.7575,7.2,68,296.6,75,1627628205,MU
88,gazimurskiy zavod,51.5461,118.3266,4.25,78,294.27,100,1627628206,RU
89,seymchan,62.8833,152.4333,4.28,62,281.98,98,1627628207,RU
90,manggar,-2.8833,108.2667,6.1,65,302.87,14,1627628208,ID
91,tuktoyaktuk,69.4541,-133.0374,0.35,95,283.44,100,1627628209,CA
92,yellowknife,62.456,-114.3525,2.57,77,289.98,40,1627628210,CA
93,samarai,-10.6167,150.6667,7.49,85,299.82,57,1627628211,PG
94,qaanaaq,77.484,-69.3632,3.41,85,278.27,97,1627628212,GL
95,santa vitoria do palmar,-33.5189,-53.3681,2.39,85,276.99,5,1627628214,BR
96,severo-kurilsk,50.6789,156.125,3.44,86,289.97,54,1627628215,RU
97,omsukchan,62.5333,155.8,4.07,84,276.81,100,1627628216,RU
98,port alfred,-33.5906,26.891,1.75,66,288.2,96,1627628217,ZA
99,pizhanka,57.4604,48.542,5.61,56,297.6,12,1627628218,RU
100,east london,-33.0153,27.9116,2.06,67,287.67,0,1627628219,ZA
101,amazar,53.858,120.875,4.29,34,296.9,8,1627628220,RU
102,waren,53.5167,12.6833,6.53,61,288.98,9,1627628221,DE
103,avera,33.194,-82.5271,2.69,72,299.09,74,1627628223,US
104,guerrero negro,27.9769,-114.0611,5.55,82,294.55,93,1627628224,MX
105,quatre cocos,-20.2078,57.7625,8.4,66,296.53,2,1627628225,MU
106,ust-maya,60.4167,134.5333,2.74,34,293.79,46,1627628226,RU
107,jumla,29.2747,82.1838,1.76,92,292.05,100,1627628227,NP
108,vila velha,-20.3297,-40.2925,6.69,63,290.12,75,1627628228,BR
109,bilma,18.6853,12.9164,2.49,28,307.43,29,1627628229,NE
110,katobu,-4.9408,122.5276,2.79,54,303.59,18,1627628231,ID
111,srednekolymsk,67.45,153.6833,3.47,43,284.84,47,1627628232,RU
112,new norfolk,-42.7826,147.0587,1.79,56,286.44,97,1627628233,AU
113,san francisco,37.7749,-122.4194,0.45,92,296.58,20,1627628160,US
114,khatanga,71.9667,102.5,6.61,29,306.04,5,1627628235,RU
115,esperance,-33.8667,121.9,11.38,65,286.06,100,1627628236,AU
116,vaini,-21.2,-175.2,2.06,94,295.24,75,1627628237,TO
117,bengkulu,-3.8004,102.2655,6.32,67,302.59,36,1627628239,ID
118,kahului,20.8947,-156.47,5.57,84,297.74,14,1627628240,US
119,lazaro cardenas,17.9583,-102.2,1.85,86,298.88,35,1627628241,MX
120,narsaq,60.9167,-46.05,2.08,76,280.49,100,1627628242,GL
121,voyvozh,62.892,54.9635,2.03,54,287.97,100,1627628243,RU
122,itarema,-2.9248,-39.9167,3.62,91,297.75,71,1627628244,BR
123,peniche,39.3558,-9.3811,6.97,92,292.44,96,1627628245,PT
124,port hardy,50.6996,-127.4199,2.57,100,287.25,1,1627628247,CA
125,mehamn,71.0357,27.8492,2.84,81,281.25,100,1627628248,NO
126,marawi,7.9986,124.2928,0.87,83,301.29,100,1627628249,PH
127,visnes,59.3556,5.2242,5.66,94,289.36,90,1627628250,NO
128,balaghat,21.8,80.1833,4.06,96,296.69,100,1627628251,IN
129,namatanai,-3.6667,152.4333,2.71,76,301.41,42,1627628252,PG
130,mahebourg,-20.4081,57.7,7.2,68,296.62,75,1627628253,MU
131,praxedis guerrero,31.3667,-106.0167,5.22,47,298.44,53,1627628254,MX
132,oistins,13.0667,-59.5333,8.75,83,299.2,75,1627628256,BB
133,ilulissat,69.2167,-51.1,2.6,63,277.45,7,1627628257,GL
134,upernavik,72.7868,-56.1549,3.69,84,279.72,62,1627628258,GL
135,saint-philippe,-21.3585,55.7679,5.95,76,295.49,99,1627628259,RE
136,tamworth,52.634,-1.6959,2.24,91,287.95,84,1627628260,GB
137,khuzhir,53.1939,107.3397,5.87,86,287.23,75,1627628261,RU
138,turtas,58.9417,69.1325,2.77,42,290.97,96,1627628263,RU
139,hithadhoo,-0.6,73.0833,1.64,71,301.3,22,1627628202,MV
140,houma,29.5958,-90.7195,0.45,95,300.93,100,1627628265,US
141,tessalit,20.1986,1.0114,3.76,31,305.07,14,1627628266,ML
142,guanica,17.9716,-66.908,1.34,81,300.38,67,1627628211,PR
143,port augusta,-32.5,137.7667,8.66,33,298.23,0,1627628268,AU
144,lorengau,-2.0226,147.2712,2.68,72,302.43,20,1627628269,PG
145,ilebo,-4.3167,20.5833,1.26,27,301.11,13,1627628270,CD
146,bethel,41.3712,-73.414,0.45,93,294.87,19,1627628271,US
147,severnoye,56.3491,78.3619,5.73,43,293.26,90,1627628273,RU
148,bushehr,28.9684,50.8385,3.09,59,310.16,0,1627627983,IR
149,muli,2.9167,73.5667,2.75,71,301.14,100,1627628275,MV
150,bairiki,1.3292,172.9752,4.12,70,303.15,20,1627628276,KI
151,de-kastri,51.4667,140.7833,1.22,98,291.18,100,1627628277,RU
152,kodinsk,58.6881,99.1844,2.56,49,298.5,35,1627628278,RU
153,charters towers,-20.1,146.2667,1.04,24,303.14,5,1627628279,AU
154,shiyan,32.6475,110.7781,1.99,37,310.32,0,1627628280,CN
155,nizwa,22.9333,57.5333,3.95,33,309.57,100,1627628281,OM
156,quixada,-4.9714,-39.0153,1.36,98,294.58,97,1627628283,BR
157,hovd,48.0056,91.6419,3.44,26,297.76,100,1627628284,MN
158,hami,42.8,93.45,1.8,10,313.32,0,1627628285,CN
159,stornoway,58.2093,-6.3865,1.54,94,288.11,75,1627628286,GB
160,kruisfontein,-34.0033,24.7314,1.41,57,286.58,100,1627628287,ZA
161,xingcheng,40.6167,120.7167,0.94,89,298.64,100,1627628288,CN
162,banjarmasin,-3.3244,114.591,3.28,58,305.23,94,1627628289,ID
163,lebu,-37.6167,-73.65,3.17,89,281.83,10,1627628290,CL
164,mareeba,-17.0,145.4333,3.28,43,302.22,8,1627628292,AU
165,labrea,-7.2586,-64.7981,1.59,54,290.79,6,1627628293,BR
166,conde,-7.2597,-34.9075,0.0,100,294.85,40,1627628294,BR
167,geraldton,-28.7667,114.6,10.29,68,291.38,75,1627628295,AU
168,nikolskoye,59.7035,30.7861,4.99,52,295.81,35,1627628296,RU
169,lashio,22.9333,97.75,2.13,74,300.35,100,1627628297,MM
170,tabas,33.5959,56.9244,1.54,19,307.82,0,1627628299,IR
171,sur,22.5667,59.5289,5.9,38,311.77,94,1627628300,OM
172,chokwe,-24.5333,32.9833,5.29,61,295.04,2,1627628301,MZ
173,tiksi,71.6872,128.8694,0.55,36,292.1,15,1627628302,RU
174,provost,52.3501,-110.2683,1.99,60,289.83,0,1627628303,CA
175,lhokseumawe,5.1801,97.1507,3.7,65,303.11,100,1627628304,ID
176,finschhafen,-6.6024,147.8681,3.39,83,300.85,46,1627628305,PG
177,murray bridge,-35.1167,139.2667,7.17,52,293.22,93,1627628307,AU
178,ampanihy,-24.7,44.75,3.73,48,297.38,0,1627628308,MG
179,georgetown,5.4112,100.3354,2.24,62,305.12,20,1627628082,MY
180,beringovskiy,63.05,179.3167,4.54,88,278.25,100,1627628310,RU
181,rocha,-34.4833,-54.3333,2.01,78,276.65,0,1627628311,UY
182,oranjemund,-28.55,16.4333,2.87,41,288.35,0,1627628312,NA
183,manzanillo,20.3433,-77.1167,1.92,89,296.98,5,1627628313,CU
184,rabat,33.9911,-6.8401,0.0,93,295.19,90,1627628315,MA
185,wilmington,34.2257,-77.9447,0.89,91,300.32,49,1627628307,US
186,dakar,14.6937,-17.4441,2.06,83,300.22,75,1627627836,SN
187,leningradskiy,69.3833,178.4167,9.19,98,273.6,100,1627628318,RU
188,comodoro rivadavia,-45.8667,-67.5,7.72,38,286.07,0,1627628319,AR
189,malanje,-9.5402,16.341,3.15,23,292.61,0,1627628320,AO
190,cayenne,4.9333,-52.3333,0.0,91,297.64,0,1627628321,GF
191,bathsheba,13.2167,-59.5167,8.75,83,299.49,75,1627628323,BB
192,korla,41.7597,86.1469,9.88,12,312.83,89,1627628324,CN
193,havre-saint-pierre,50.2334,-63.5986,0.0,88,287.35,90,1627628325,CA
194,luderitz,-26.6481,15.1594,6.04,35,292.61,0,1627628056,NA
195,okhotsk,59.3833,143.3,3.89,49,288.29,94,1627628327,RU
196,barrow,71.2906,-156.7887,2.57,87,283.16,90,1627628328,US
197,pa daet,19.5049,99.9924,0.37,60,304.88,99,1627628329,TH
198,kovdor,67.5662,30.4758,3.48,75,283.03,100,1627628330,RU
199,xining,36.6167,101.7667,2.21,20,301.57,0,1627628332,CN
200,general pico,-35.6566,-63.7568,4.33,49,277.12,0,1627628333,AR
201,zvenigovo,55.9742,48.0181,4.76,60,296.68,100,1627628334,RU
202,bud,39.447,-86.1758,3.36,92,296.58,9,1627628335,US
203,tizimin,21.15,-88.15,1.91,94,296.99,32,1627628336,MX
204,carballo,43.213,-8.691,0.81,95,290.88,97,1627628337,ES
205,conchagua,13.3078,-87.8647,1.09,79,296.83,21,1627628338,SV
206,fortuna,40.5982,-124.1573,0.0,94,297.3,90,1627628297,US
207,pochutla,15.7432,-96.4661,2.11,95,296.94,100,1627628340,MX
208,sibuco,7.2911,122.0656,2.93,69,303.45,20,1627628341,PH
209,pisco,-13.7,-76.2167,0.51,82,290.18,90,1627628343,PE
210,kodiak,57.79,-152.4072,0.74,85,284.41,99,1627628344,US
211,pacific grove,36.6177,-121.9166,1.34,93,292.6,60,1627628345,US
212,laizhou,37.1717,119.9214,6.6,93,295.43,100,1627628346,CN
213,kieta,-6.2167,155.6333,1.86,81,300.93,100,1627628347,PG
214,ambon,-3.6954,128.1814,2.57,66,303.23,20,1627628348,ID
215,katsuura,35.1333,140.3,2.47,72,303.25,27,1627628349,JP
216,alice springs,-23.7,133.8833,10.8,11,303.9,0,1627628351,AU
217,komsomolskiy,40.4272,71.7189,3.09,23,304.55,19,1627628352,UZ
218,reconquista,-29.15,-59.65,2.69,62,276.6,0,1627628353,AR
219,ulladulla,-35.35,150.4667,2.42,40,288.65,0,1627628354,AU
220,salalah,17.0151,54.0924,7.47,88,298.97,100,1627628355,OM
221,cockburn town,21.4612,-71.1419,8.83,77,301.02,0,1627628356,TC
222,noumea,-22.2763,166.4572,7.67,99,295.93,91,1627628325,NC
223,acapulco,16.8634,-99.8901,3.18,92,298.01,100,1627628149,MX
224,andijon,40.7821,72.3442,4.12,25,304.79,9,1627628283,UZ
225,adrar,20.5022,-10.0711,5.26,41,301.26,5,1627628361,MR
226,yulara,-25.2406,130.9889,9.77,20,301.06,0,1627628362,AU
227,anadyr,64.75,177.4833,5.81,86,279.43,75,1627628220,RU
228,buena vista,43.4203,-83.8986,4.12,82,291.98,1,1627628364,US
229,cherskiy,68.75,161.3,9.21,68,276.15,95,1627628365,RU
230,kirakira,-10.4544,161.9205,3.43,83,300.03,54,1627628366,SB
231,boden,65.8252,21.6886,3.47,67,288.15,97,1627628367,SE
232,kuopio,62.8924,27.677,4.12,88,290.12,75,1627628368,FI
233,tashigang,27.3331,91.5542,2.74,76,301.28,91,1627628369,BT
234,taoudenni,22.6783,-3.9836,5.66,31,308.09,0,1627628371,ML
235,skibbereen,51.55,-9.2667,7.04,88,287.04,100,1627628372,IE
236,wenatchee,47.4235,-120.3103,2.07,42,300.06,79,1627628373,US
237,lemery,11.2258,122.9275,6.82,66,303.91,64,1627628374,PH
238,vanino,49.0869,140.2543,1.43,98,293.02,100,1627628375,RU
239,morehead,37.2711,-87.1764,0.89,92,300.45,90,1627628376,US
240,norman wells,65.282,-126.8329,1.54,68,291.17,75,1627628377,CA
241,the pas,53.8251,-101.2541,1.55,83,293.16,90,1627628379,CA
242,kudahuvadhoo,2.6708,72.8944,1.63,71,301.01,100,1627628380,MV
243,alyangula,-13.8483,136.4192,3.6,69,301.08,3,1627628381,AU
244,ahipara,-35.1667,173.1667,6.57,87,287.85,100,1627628382,NZ
245,vitry-le-francois,48.7333,4.5833,3.96,80,291.52,56,1627628383,FR
246,izumo,35.3667,132.7667,5.14,66,304.12,75,1627628384,JP
247,hueytown,33.4512,-86.9967,0.3,88,298.73,24,1627628386,US
248,haines junction,60.7522,-137.5108,2.06,62,286.12,20,1627628387,CA
249,matamoros,25.5333,-103.25,2.38,71,295.43,100,1627628388,MX
250,nanortalik,60.1432,-45.2371,6.78,69,281.74,100,1627628389,GL
251,viedma,-40.8135,-62.9967,8.38,29,283.68,0,1627628390,AR
252,vao,-22.6667,167.4833,11.41,75,294.04,28,1627628391,NC
253,villanueva de cordoba,38.3228,-4.6287,0.85,48,292.0,0,1627628393,ES
254,igrim,63.1906,64.4162,3.97,42,290.26,78,1627628394,RU
255,winnemucca,40.973,-117.7357,3.46,20,298.14,100,1627628395,US
256,paamiut,61.994,-49.6678,2.25,86,279.21,100,1627628396,GL
257,tondano,1.3038,124.9112,1.2,73,301.2,55,1627628397,ID
258,mecca,21.4267,39.8261,2.21,22,309.65,20,1627628398,SA
259,norwich,52.6278,1.2983,0.45,93,288.91,75,1627628360,GB
260,sitka,57.0531,-135.33,1.45,72,288.98,5,1627628400,US
261,sorland,67.667,12.6934,11.87,88,283.07,100,1627628407,NO
262,hamilton,39.1834,-84.5333,0.45,90,298.56,8,1627628408,US
263,pimenta bueno,-11.6725,-61.1936,1.91,45,286.73,23,1627628409,BR
264,yar-sale,66.8333,70.8333,9.48,73,285.97,87,1627628410,RU
265,necochea,-38.5473,-58.7368,5.2,60,277.06,0,1627628411,AR
266,codrington,-38.2667,141.9667,9.88,62,286.35,16,1627628412,AU
267,carbonia,39.1672,8.5222,0.76,45,300.92,0,1627628414,IT
268,zhangjiakou,40.81,114.8794,2.77,47,302.45,100,1627628415,CN
269,lata,40.1629,-8.3327,1.11,87,290.88,25,1627628416,PT
270,bitung,1.4451,125.1824,4.81,76,305.62,31,1627628417,ID
271,tasiilaq,65.6145,-37.6368,0.96,79,279.66,14,1627628419,GL
272,petropavlovsk-kamchatskiy,53.0452,158.6483,3.0,100,293.48,75,1627628420,RU
273,turukhansk,65.8167,87.9833,4.16,48,295.4,64,1627628421,RU
274,aklavik,68.2191,-135.0107,3.2,56,291.15,85,1627628422,CA
275,port arthur,38.8,121.2667,5.0,44,300.32,100,1627628423,CN
276,mattru,7.6244,-11.8332,0.59,95,295.08,34,1627628424,SL
277,husavik,66.0449,-17.3389,0.51,88,284.7,61,1627628425,IS
278,lethem,3.3803,-59.7968,0.86,95,295.1,91,1627628427,GY
279,mackay,-21.15,149.2,5.64,83,295.2,76,1627628428,AU
280,saldanha,-33.0117,17.9442,2.71,81,285.18,85,1627628429,ZA
281,phayao,19.25,100.25,0.73,57,304.96,48,1627628430,TH
282,isny,47.7,10.0333,1.29,80,293.39,35,1627628419,DE
283,grindavik,63.8424,-22.4338,1.54,88,287.9,0,1627628432,IS
284,henties bay,-22.116,14.2845,6.25,29,294.74,0,1627628434,NA
285,pevek,69.7008,170.3133,11.4,98,273.49,100,1627628435,RU
286,khani,41.9563,42.9566,2.08,51,296.91,1,1627628436,GE
287,samandag,36.0842,35.9771,3.41,46,305.54,0,1627628437,TR
288,aksu,41.1231,80.2644,5.12,15,310.05,89,1627628438,CN
289,alofi,-19.0595,-169.9187,6.6,76,297.53,100,1627628439,NU
290,puerto escondido,15.85,-97.0667,2.61,88,298.8,100,1627628441,MX
291,talnakh,69.4865,88.3972,3.17,84,289.02,100,1627628442,RU
292,poum,-20.2333,164.0167,9.03,76,295.45,6,1627628443,NC
293,mount isa,-20.7333,139.5,4.63,11,306.02,13,1627628444,AU
294,hitoyoshi,32.2167,130.75,3.05,47,305.73,100,1627628445,JP
295,qandala,11.472,49.8728,4.71,51,305.7,100,1627628446,SO
296,trincomalee,8.5711,81.2335,0.45,56,306.21,12,1627628447,LK
297,zhigansk,66.7697,123.3711,1.51,34,295.72,6,1627628449,RU
298,bobrovskiy,56.6732,60.9807,8.0,49,294.24,0,1627628450,RU
299,lensk,60.7253,114.9278,4.74,22,300.35,44,1627628451,RU
300,cerro cama,9.03,-79.905,1.33,96,299.26,99,1627628452,PA
301,tuatapere,-46.1333,167.6833,1.06,93,282.49,100,1627628453,NZ
302,camacha,33.0833,-16.3333,6.17,68,292.83,75,1627628454,PT
303,faanui,-16.4833,-151.75,6.3,73,298.78,95,1627628455,PF
304,suntar,62.1444,117.6319,3.07,24,299.19,10,1627628456,RU
305,cam ranh,11.9214,109.1591,4.12,41,310.13,20,1627628458,VN
306,colon,9.3592,-79.9014,1.34,89,299.34,65,1627628459,PA
307,nkhata bay,-11.6066,34.2907,2.77,59,294.99,0,1627628460,MW
308,cairns,-16.9167,145.7667,2.06,61,302.63,9,1627628461,AU
309,severnyy,50.677,36.5532,2.0,69,298.17,0,1627628463,RU
310,kiunga,-6.1219,141.2906,0.93,93,299.5,88,1627628464,PG
311,belyy yar,53.6039,91.3903,4.0,38,297.09,0,1627628465,RU
312,la spezia,44.1105,9.8434,2.45,62,299.25,0,1627628400,IT
313,sarnia,42.9787,-82.4041,2.68,82,293.11,75,1627628467,CA
314,mopipi,-21.1833,24.8833,5.31,24,290.2,0,1627628468,BW
315,chokurdakh,70.6333,147.9167,1.71,38,286.69,81,1627628469,RU
316,lima,-12.0432,-77.0282,3.14,97,287.67,49,1627628471,PE
317,filimonovo,56.2011,95.4611,0.48,55,294.7,100,1627628472,RU
318,la roche-sur-yon,46.6667,-1.4333,3.09,88,291.84,90,1627628403,FR
319,sinop,41.7711,34.8709,2.11,46,298.96,0,1627628268,TR
320,ingham,42.6,-84.3833,2.06,87,292.62,1,1627628477,US
321,elko,41.0002,-115.5012,0.45,45,296.05,94,1627628478,US
322,college,64.8569,-147.8028,0.36,78,290.7,97,1627628480,US
323,roma,43.2128,-75.4557,0.0,95,292.4,90,1627628100,US
324,northam,51.0333,-4.2167,11.9,92,289.07,69,1627628483,GB
325,kerva,55.6117,39.5766,2.09,55,298.44,100,1627628484,RU
326,ostrovnoy,68.0531,39.5131,3.56,72,282.79,61,1627628485,RU
327,riyadh,24.6877,46.7219,3.91,9,312.23,32,1627627906,SA
328,teahupoo,-17.8333,-149.2667,5.44,80,294.13,33,1627628487,PF
329,bandrele,-12.9067,45.1914,4.12,69,299.01,0,1627628488,YT
330,kankakee,41.15,-87.8667,0.0,97,294.7,75,1627628490,US
331,ornskoldsvik,63.2909,18.7153,2.57,100,290.05,90,1627628491,SE
332,orange cove,36.6244,-119.3137,0.0,57,304.96,1,1627628492,US
333,elat,29.5581,34.9482,3.39,29,305.55,10,1627628493,IL
334,kalmunai,7.4167,81.8167,4.42,53,306.02,10,1627628494,LK
335,macusani,-14.0833,-70.4333,1.59,90,273.13,6,1627628456,PE
336,verkhnyaya inta,65.9811,60.3094,5.07,65,285.16,100,1627628497,RU
337,nikel,69.4128,30.222,4.04,81,284.25,100,1627628498,RU
338,gull lake,50.1001,-108.4847,2.07,61,293.35,100,1627628499,CA
339,south lake tahoe,38.9332,-119.9844,0.0,80,295.51,75,1627628500,US
340,phalaborwa,-23.943,31.1411,7.41,61,290.64,14,1627628501,ZA
341,klaksvik,62.2266,-6.589,7.45,88,283.66,100,1627628503,FO
342,eureka,40.8021,-124.1637,0.98,92,296.9,19,1627628504,US
343,chapais,49.7834,-74.8492,4.69,96,281.03,100,1627628505,CA
344,santiago de cao,-7.9589,-79.2392,4.21,89,291.33,83,1627628412,PE
345,shelburne,44.0787,-80.2041,6.15,89,288.86,93,1627628507,CA
346,muyezerskiy,63.9333,31.65,4.45,95,284.96,100,1627628508,RU
347,nizhneangarsk,55.7833,109.55,1.79,76,287.62,78,1627628509,RU
348,christchurch,-43.5333,172.6333,1.79,73,284.77,58,1627628416,NZ
349,podor,16.6527,-14.9587,4.11,73,299.44,100,1627628512,MR
350,stettler,52.3168,-112.7186,0.72,72,289.93,5,1627628513,CA
351,saint george,37.1041,-113.5841,4.12,74,297.39,40,1627628514,US
352,anloga,5.7947,0.8973,4.04,83,298.27,84,1627628515,GH
353,salinopolis,-0.6136,-47.3561,3.92,86,298.63,10,1627628516,BR
354,rawson,-43.3002,-65.1023,6.19,36,285.0,36,1627628517,AR
355,clyde river,70.4692,-68.5914,3.14,93,276.77,54,1627628518,CA
356,sakakah,29.9697,40.2064,2.02,19,307.38,4,1627628519,SA
357,dukat,62.55,155.55,2.87,82,276.0,100,1627628521,RU
358,newport,51.5877,-2.9984,3.69,91,289.13,100,1627628348,GB
359,coahuayana,18.7333,-103.6833,1.41,88,298.48,95,1627628523,MX
360,aswan,24.0934,32.907,4.86,14,308.8,94,1627628497,EG
361,kangaatsiaq,68.3065,-53.4641,4.07,88,279.26,60,1627628525,GL
362,krasnoselkup,65.7,82.4667,4.8,44,291.82,0,1627628526,RU
363,igarka,67.4667,86.5833,5.9,57,293.66,85,1627628527,RU
364,zyryanka,65.75,150.85,3.45,49,285.33,65,1627628528,RU
365,portland,45.5234,-122.6762,0.45,56,299.4,0,1627628414,US
366,taua,-5.9667,-40.3,3.37,82,294.69,50,1627628531,BR
367,dunedin,-45.8742,170.5036,5.81,83,282.48,100,1627628532,NZ
368,la paz,-16.5,-68.15,1.4,86,275.9,5,1627628484,BO
369,sainte-anne-des-monts,49.124,-66.4924,2.55,82,288.28,100,1627628534,CA
370,paignton,50.4357,-3.5679,0.89,45,289.46,66,1627628535,GB
371,sibu,2.3,111.8167,1.44,45,307.58,98,1627628441,MY
372,tautira,-17.7333,-149.15,4.79,79,297.16,28,1627628538,PF
373,namwala,-15.7504,26.4384,3.8,41,291.15,28,1627628539,ZM
374,doka,13.5167,35.7667,7.72,83,296.73,100,1627628540,SD
375,vanderhoof,54.0166,-124.0198,0.35,71,288.09,7,1627628541,CA
376,cochrane,51.1834,-114.4687,1.76,48,292.39,85,1627628542,CA
377,saint anthony,45.0205,-93.218,0.0,81,293.55,1,1627628543,US
378,nago,26.5881,127.9761,1.66,79,304.19,49,1627628545,JP
379,kavieng,-2.5744,150.7967,3.41,73,302.1,13,1627628546,PG
380,leszno,51.8403,16.5749,4.34,53,296.49,9,1627628270,PL
381,mangrol,21.1167,70.1167,10.58,79,302.08,100,1627628548,IN
382,bo phloi,14.3236,99.5161,6.66,49,309.99,100,1627628549,TH
383,xiaoshi,41.2971,124.1209,4.0,64,296.62,95,1627628551,CN
384,vanimo,-2.6741,141.3028,1.75,74,301.88,71,1627628552,PG
385,sistranda,63.7256,8.834,4.21,78,285.32,100,1627628553,NO
386,padang,-0.9492,100.3543,2.77,63,304.18,12,1627628541,ID
387,nuuk,64.1835,-51.7216,6.17,93,281.49,100,1627628555,GL
388,batagay,67.6333,134.6333,1.39,27,295.61,51,1627628556,RU
389,nishihara,26.1842,127.7558,2.06,74,303.75,40,1627628557,JP
390,bubaque,11.2833,-15.8333,3.35,79,299.23,100,1627628559,GW
391,nantucket,41.2835,-70.0995,6.69,95,295.93,75,1627628560,US
392,virovitica,45.8319,17.3839,1.09,48,299.94,0,1627628425,HR
393,kinchil,20.9167,-89.95,2.02,90,297.37,87,1627628562,MX
394,kwinana,-32.25,115.7667,12.24,65,288.23,100,1627628563,AU
395,dongying,37.4564,118.4856,6.69,93,295.18,100,1627628564,CN
396,bandarbeyla,9.4942,50.8122,14.24,51,302.43,100,1627628565,SO
397,takoradi,4.8845,-1.7554,1.5,86,297.46,17,1627628566,GH
398,saryg-sep,51.5,95.6,1.12,25,298.8,49,1627628568,RU
399,biak,-0.9131,122.8766,3.2,73,301.34,80,1627628569,ID
400,najran,17.4924,44.1277,2.77,23,307.61,32,1627628570,SA
401,sioux lookout,50.1001,-91.917,2.02,55,283.79,43,1627628571,CA
402,karakol,42.4907,78.3936,5.34,54,293.65,100,1627628572,KG
403,verkh-usugli,52.7,115.1667,4.14,44,296.23,100,1627628573,RU
404,sabana de torres,7.3915,-73.4957,1.36,97,295.12,99,1627628575,CO
405,road town,18.4167,-64.6167,8.85,78,300.37,100,1627628576,VG
406,ishinomaki,38.4167,141.3,2.97,81,298.82,10,1627628577,JP
407,taonan,45.3333,122.7833,2.96,84,296.61,100,1627628578,CN
408,groningen,53.25,6.75,1.79,69,290.95,100,1627628289,NL
409,harper,4.375,-7.7169,1.41,87,297.12,43,1627628581,LR
410,brazzaville,-4.2658,15.2832,2.26,63,296.86,0,1627628582,CG
411,tire,38.0888,27.7351,4.06,17,305.15,0,1627628575,TR
412,mogadishu,2.0371,45.3438,8.99,70,298.99,22,1627628425,SO
413,valday,57.9747,33.2525,2.83,65,294.93,18,1627628402,RU
414,bezenchuk,52.982,49.4333,5.33,50,300.84,100,1627628565,RU
415,san patricio,28.017,-97.5169,1.82,78,301.39,23,1627628587,US
416,ovre ardal,61.3167,7.8,2.23,86,288.64,68,1627628588,NO
417,arecibo,18.4724,-66.7157,0.45,88,300.41,94,1627628590,PR
418,yerbogachen,61.2767,108.0108,4.75,26,300.21,1,1627628591,RU
419,maniitsoq,65.4167,-52.9,3.71,75,282.18,100,1627628592,GL
420,daguit,14.1895,122.7266,2.18,67,303.88,100,1627628594,PH
421,yining,29.0361,114.5636,0.29,36,310.89,6,1627628512,CN
422,iturama,-19.7281,-50.1956,3.12,35,281.22,0,1627628596,BR
423,slave lake,55.2834,-114.769,1.71,58,288.35,0,1627628597,CA
424,surt,31.2089,16.5887,4.15,65,301.8,0,1627628599,LY
425,iquitos,-3.7481,-73.2472,1.51,96,290.63,100,1627628485,PE
426,lokoja,7.8024,6.743,1.58,90,296.71,100,1627628601,NG
427,praya,14.9215,-23.5087,4.12,83,297.45,75,1627628521,CV
428,zhanaozen,43.3,52.8,3.31,15,304.63,12,1627628603,KZ
429,chabahar,25.2919,60.643,5.95,67,305.22,75,1627628604,IR
430,victoria,22.2855,114.1577,0.89,78,304.8,97,1627628537,HK
431,huarmey,-10.0681,-78.1522,2.68,88,290.83,18,1627628607,PE
432,commerce,34.0006,-118.1598,0.0,81,300.97,20,1627628595,US
433,kristiinankaupunki,62.2743,21.376,4.58,71,290.34,89,1627628609,FI
434,fort nelson,58.8053,-122.7002,1.54,77,287.92,20,1627628346,CA
435,kinango,-4.1372,39.3153,6.74,57,295.21,100,1627628611,KE
436,dinguiraye,11.3,-10.7167,1.06,97,293.79,67,1627628612,GN
437,tevaitoa,-16.7833,-151.5,6.42,74,298.65,98,1627628613,PF
438,saly,47.95,20.6667,1.53,53,299.3,0,1627628614,HU
439,qurbus,36.8167,10.5687,0.43,55,301.17,0,1627628616,TN
440,coihaique,-45.5752,-72.0662,2.31,98,275.98,100,1627628617,CL
441,howell,42.6073,-83.9294,3.09,88,293.76,40,1627628618,US
442,havelock,34.8791,-76.9013,0.89,87,301.14,35,1627628619,US
443,bremervorde,53.4833,9.1333,5.62,76,290.52,100,1627628620,DE
444,koumac,-20.5667,164.2833,6.47,78,294.56,51,1627628621,NC
445,kilindoni,-7.9139,39.6668,7.05,75,296.96,1,1627628623,TZ
446,laela,-8.5667,32.05,3.54,48,291.45,0,1627628624,TZ
447,denpasar,-8.65,115.2167,6.69,74,301.96,75,1627628559,ID
448,jiuquan,39.7432,98.5174,6.45,9,310.65,0,1627628626,CN
449,bembereke,10.2283,2.6634,2.13,90,294.43,25,1627628426,BJ
450,abu samrah,35.3029,37.1841,3.87,27,304.67,0,1627628628,SY
451,te anau,-45.4167,167.7167,0.3,95,281.46,100,1627628629,NZ
452,colac,-38.3333,143.5833,7.08,63,285.47,15,1627628630,AU
453,ekhabi,53.5102,142.9671,8.74,96,285.24,100,1627628632,RU
454,praia da vitoria,38.7333,-27.0667,4.02,85,294.68,18,1627628633,PT
455,hyvinkaa,60.6333,24.8667,4.82,77,292.07,99,1627628634,FI
456,kisangani,0.5167,25.2,0.96,48,301.71,32,1627628447,CD
457,ca mau,9.1769,105.15,4.27,90,298.52,100,1627628636,VN
458,verkhnevilyuysk,63.4453,120.3167,1.94,25,298.98,0,1627628638,RU
459,gorontalo,0.5412,123.0595,2.12,73,303.01,91,1627628639,ID
460,araouane,18.9048,-3.5265,5.76,42,305.39,39,1627628640,ML
461,la ronge,55.1001,-105.2842,2.34,54,289.56,33,1627628641,CA
462,whitehorse,60.7161,-135.0538,2.44,68,287.6,6,1627628643,CA
463,bilibino,68.0546,166.4372,5.51,50,279.24,11,1627628645,RU
464,coquimbo,-29.9533,-71.3436,0.95,81,284.11,0,1627628562,CL
465,tahoua,14.8888,5.2692,4.62,64,300.83,100,1627628647,NE
466,agua verde,22.9,-106.05,2.98,79,302.66,6,1627628648,MX
467,rudbar,30.15,62.6,9.81,17,308.72,10,1627628650,AF
468,faya,18.3851,42.4509,3.33,35,300.44,73,1627628651,SA
469,luena,-11.7833,19.9167,4.93,27,291.07,25,1627628652,AO
470,dingle,10.9995,122.6711,6.8,64,304.57,89,1627628654,PH
471,ribeira brava,32.65,-17.0667,3.09,79,294.5,22,1627628655,PT
472,souillac,-20.5167,57.5167,8.27,66,296.68,0,1627628656,MU
473,kurayoshi,35.4333,133.8167,2.96,69,301.84,100,1627628657,JP
474,butembo,0.15,29.2833,1.95,51,294.16,80,1627628481,CD
475,hondo,32.45,130.2,4.08,66,305.9,37,1627628660,JP
476,caloundra,-26.8,153.1333,0.89,59,292.53,0,1627628661,AU
477,mezen,65.8522,44.24,2.05,48,288.79,28,1627628662,RU
478,ewa beach,21.3156,-158.0072,2.68,77,299.81,91,1627628391,US
479,darnah,32.767,22.6367,9.21,61,302.52,0,1627628465,LY
480,zabol,32.25,67.25,6.36,11,304.14,7,1627628665,AF
481,bereznik,62.8551,42.7072,1.26,89,289.34,100,1627628666,RU
482,gizo,-8.103,156.8419,2.09,73,301.45,54,1627628667,SB
483,tanda,26.55,82.65,6.93,60,306.05,100,1627628669,IN
484,gaogou,34.0175,119.1886,5.36,68,303.27,43,1627628670,CN
485,colesberg,-30.72,25.0972,0.98,28,282.97,0,1627628671,ZA
486,hammerfest,70.6634,23.6821,5.66,93,284.0,75,1627628672,NO
487,atbasar,51.8,68.3333,1.86,29,295.23,79,1627628674,KZ
488,ceska ves,50.2574,17.2281,2.07,57,297.16,62,1627628675,CZ
489,gewane,10.1664,40.6453,8.64,48,301.57,98,1627628676,ET
490,kupang,-10.1667,123.5833,5.98,62,301.92,6,1627628677,ID
491,ancud,-41.8697,-73.8203,5.58,94,279.89,100,1627628678,CL
492,waipawa,-41.4122,175.5153,1.76,88,282.76,0,1627628679,NZ
493,tazovskiy,67.4667,78.7,7.78,46,288.78,5,1627628480,RU
494,great yarmouth,52.6083,1.7305,5.79,88,289.27,100,1627628682,GB
495,nanakuli,21.3906,-158.1547,2.06,73,300.12,40,1627628683,US
496,pangoa,-12.1167,-73.0,0.29,82,287.91,100,1627628684,PE
497,rypefjord,70.6333,23.6667,5.66,93,284.01,75,1627628666,NO
498,martapura,-3.4167,114.85,3.09,62,305.2,40,1627628686,ID
499,richmond hill,43.8711,-79.4372,2.24,87,291.86,29,1627628687,CA
500,kayerkan,69.3497,87.7602,3.05,64,290.11,100,1627628688,RU
501,chodavaram,17.8333,82.95,3.93,46,305.06,100,1627628689,IN
502,hay river,60.8156,-115.7999,2.46,74,287.66,68,1627628691,CA
503,moose factory,51.2585,-80.6094,2.63,85,278.02,3,1627628692,CA
504,dzerzhinsk,56.2389,43.4631,4.0,65,298.05,40,1627628497,RU
505,lincoln,40.8,-96.667,0.89,89,299.84,1,1627628695,US
506,tongling,30.95,117.7833,1.17,60,306.14,15,1627628696,CN
507,margate,51.3813,1.3862,1.79,93,289.99,100,1627628697,GB
508,tadine,-21.55,167.8833,3.15,69,294.74,60,1627628698,NC
509,jizan,17.3333,42.6667,2.38,49,307.86,25,1627628699,SA
510,khandyga,62.6667,135.6,1.44,26,296.12,14,1627628701,RU
511,ambulu,-8.345,113.6058,4.39,65,301.6,40,1627628702,ID
512,makakilo city,21.3469,-158.0858,2.06,76,299.33,40,1627628703,US
513,tevriz,57.509,72.4042,3.84,47,292.04,89,1627628704,RU
514,kintampo,8.0563,-1.7306,1.91,85,295.34,83,1627628455,GH
515,lavrentiya,65.5833,-171.0,1.95,91,280.52,100,1627628706,RU
516,cervo,43.6702,-7.4101,2.76,89,289.24,100,1627628707,ES
517,marsa matruh,31.3525,27.2453,7.74,54,303.43,0,1627628709,EG
518,otake,34.2,132.2167,3.6,55,303.84,75,1627628710,JP
519,vilyuysk,63.7553,121.6247,2.07,24,299.15,2,1627628711,RU
520,maceio,-9.6658,-35.7353,1.03,100,293.84,40,1627628446,BR
521,panorama,40.5878,23.0315,0.45,55,307.47,0,1627628531,GR
522,carnot,4.9409,15.8665,1.12,91,295.48,97,1627628716,CF
523,peddapalli,18.6167,79.3667,8.09,55,304.65,95,1627628581,IN
524,milford,41.2223,-73.0565,0.45,93,296.02,90,1627628719,US
525,kandi,11.1342,2.9386,2.25,90,295.82,80,1627628720,BJ
526,sechura,-5.5569,-80.8222,4.18,80,292.7,100,1627628722,PE
527,mount gambier,-37.8333,140.7667,6.58,57,287.65,100,1627628723,AU
528,pangody,65.85,74.4859,8.41,48,287.48,94,1627628724,RU
529,kuching,1.55,110.3333,1.03,66,306.27,40,1627628726,MY
530,port blair,11.6667,92.75,8.22,75,302.85,32,1627628728,IN
531,benghazi,32.1167,20.0667,5.89,65,302.3,0,1627628484,LY
532,anzio,41.4853,12.6179,1.75,56,303.94,0,1627628731,IT
533,seoul,37.5683,126.9778,5.08,41,309.38,53,1627628472,KR
534,sayansk,54.1088,102.1648,2.35,57,291.88,100,1627628734,RU
535,asmar,35.0333,71.3581,3.48,61,304.51,57,1627628736,AF
536,bandeirantes,-23.11,-50.3675,2.12,55,276.07,99,1627628737,BR
537,manakara,-22.1333,48.0167,2.53,62,296.23,44,1627628738,MG
538,galesong,-5.3166,119.3661,4.52,68,304.16,25,1627628739,ID
539,vostok,46.4856,135.8833,0.98,81,296.39,100,1627628740,RU
540,pekalongan,-6.8886,109.6753,2.98,59,302.05,16,1627628741,ID
541,morondava,-20.2833,44.2833,3.68,52,298.37,0,1627628742,MG
542,pinega,64.7001,43.3936,2.15,58,289.54,95,1627628743,RU
543,labuan,5.2767,115.2417,2.41,63,305.24,100,1627628745,MY
544,ponta delgada,37.7333,-25.6667,2.57,88,294.55,40,1627628746,PT
545,san javier,37.8063,-0.8374,1.34,79,300.19,20,1627628468,ES
546,humaita,-7.5061,-63.0208,1.28,56,290.49,97,1627628748,BR
547,pizarro,4.9533,-77.366,1.97,89,298.29,100,1627628749,CO
548,ewo,-0.8725,14.8206,4.33,50,300.54,17,1627628750,CG
549,sundumbili,-29.1337,31.3975,0.98,56,289.32,0,1627628476,ZA
550,springfield,37.2153,-93.2982,0.89,88,299.92,1,1627628752,US
551,miri,4.4148,114.0089,2.12,57,303.89,99,1627628754,MY
552,freetown,8.484,-13.2299,1.59,84,297.67,85,1627628531,SL
553,rio gallegos,-51.6226,-69.2181,9.62,82,276.19,98,1627628594,AR
554,asuncion,-25.3007,-57.6359,1.03,87,275.84,0,1627628691,PY
555,jishou,28.3167,109.7167,0.52,47,308.87,1,1627628758,CN
556,ati,13.2154,18.3353,3.46,73,298.76,97,1627628759,TD
557,talaya,61.3833,152.75,5.44,63,279.68,100,1627628761,RU
558,nyurba,63.2842,118.3319,2.86,24,299.48,5,1627628724,RU
559,kyshtovka,56.555,76.6271,7.91,48,292.65,96,1627628764,RU
560,ambikapur,23.1167,83.2,4.37,96,296.65,100,1627628765,IN
561,mana,5.6592,-53.7767,1.58,87,298.03,4,1627628766,GF
562,amol,36.4696,52.3507,1.49,67,298.9,100,1627628658,IR
563,alugan,12.2188,125.4808,1.25,57,306.13,100,1627628768,PH
564,helena,46.5927,-112.0361,0.89,63,293.7,1,1627628769,US
565,gushikawa,26.3544,127.8686,3.09,70,303.92,40,1627628771,JP
566,redlands,34.0556,-117.1825,2.06,39,302.83,1,1627628772,US
567,slonim,53.0867,25.3219,3.61,68,293.16,100,1627628591,BY
568,grootfontein,-19.5667,18.1167,4.94,31,284.9,0,1627628774,NA
569,nkowakowa,-23.8878,30.2871,2.32,43,283.18,0,1627628775,ZA
570,ucluelet,48.9329,-125.5528,4.34,92,294.87,18,1627628776,CA
571,honningsvag,70.9821,25.9704,4.12,87,281.01,75,1627628777,NO
572,mashhad,36.297,59.6062,4.12,44,301.23,20,1627628438,IR
573,bayan,46.0833,127.4,1.92,89,296.55,100,1627628784,CN
574,inuvik,68.3499,-133.7218,3.23,66,290.61,84,1627628785,CA
575,altay,47.8667,88.1167,5.12,19,302.6,100,1627628608,CN
